<?xml version="1.0" encoding="UTF-8"?>

<!DOCTYPE mapper PUBLIC "-//mybatis.org//DTD Mapper 3.0//EN"
        "http://mybatis.org/dtd/mybatis-3-mapper.dtd">
<mapper namespace="com.ezen.spring.board.teampro.cart.CartMapper">

<select id="getbook" resultType="com.ezen.spring.board.teampro.cart.BookVO" parameterType="Integer">
SELECT*FROM book where bnum=#{bnum}
</select>

<insert id="getcart" parameterType="com.ezen.spring.board.teampro.cart.BookVO">
INSERT INTO cart (uid, bname, price, quantity, cvrimg, name)
SELECT #{userid},#{bname}, b.price, #{quantity}, b.cvrimg, f.name
FROM book b, fairymem f
WHERE f.userid = #{userid}
  AND b.bname = #{bname}
ON DUPLICATE KEY UPDATE quantity = quantity + VALUES(quantity)
</insert>


<select id="getlist" resultType="com.ezen.spring.board.teampro.cart.BookVO" parameterType="String">
  SELECT bname,cvrimg, name, SUM(quantity) AS totalQuantity, SUM(quantity * price) AS totalPrice
  FROM cart
  WHERE uid = #{userid}
  GROUP BY bname, cvrimg, name
</select>

<delete id="getdelete" parameterType="java.util.List">
DELETE FROM test.cart WHERE bname = #{bname}
</delete>

<delete id="getdeleteAll" parameterType="java.util.List">
DELETE FROM test.cart 
</delete>

<select id="getbeylist" resultType="com.ezen.spring.board.teampro.cart.BookVO" parameterType="String">
  SELECT bname, cvrimg, name, SUM(quantity) AS totalQuantity, SUM(quantity * price) AS totalPrice
FROM cart 
WHERE bname = #{bname}
AND uid = #{userid}
GROUP BY bname, cvrimg,name
</select>

<insert id="boughtbook" parameterType="java.util.Map">
    INSERT INTO boughtbook (bnum,uid, bname, quantity, price)
    SELECT bnum,#{uid}, #{bname}, #{quantity}, SUM(#{quantity} * price) AS price
    FROM book
    WHERE bname = #{bname}
    GROUP BY bnum;
</insert>

</mapper>