<?xml version="1.0" encoding="UTF-8"?>
<!DOCTYPE mapper PUBLIC "-//mybatis.org//DTD Mapper 3.0//EN"
        "http://mybatis.org/dtd/mybatis-3-mapper.dtd">
<mapper namespace="com.ezen.spring.board.teampro.book.BookMapper">

<select id="getallbook" resultType="map">
SELECT * FROM book

</select>

<select id="search" parameterType="com.ezen.spring.board.teampro.book.Book"
	resultType="com.ezen.spring.board.teampro.book.Book">
	SELECT * FROM book
	WHERE
	<choose>
		<when test="bname != null">
			bname = #{bname}
		</when>
		<when test="publisher != null">
			publisher = #{publisher}
		</when>
		<when test="author != null">
			author = #{author}
		</when>
		
	</choose>
</select>

<select id="CateSearch" parameterType="String"
	resultType="com.ezen.spring.board.teampro.book.Book">
	SELECT * FROM book
	WHERE cate = #{cate}
	</select>


</mapper>