<?xml version="1.0" encoding="UTF-8"?>  
<!DOCTYPE mapper PUBLIC "-//mybatis.org//DTD Mapper 3.0//EN"
        "http://mybatis.org/dtd/mybatis-3-mapper.dtd">
<mapper namespace="com.ezen.spring.board.teampro.login.FairyMapper">
	<insert id="addfairyMem"
	  parameterType="com.ezen.spring.board.teampro.login.MemberVO">
	  INSERT INTO fairymem VALUES(NULL, #{userid}, #{pass}, #{name}, #{phone}, #{email}, #{birth}, #{gender}, #{agrStipulation1}, #{agrStipulation2}, #{agrStipulation3},0)
	</insert>
  
    <select id="joinIdCheck" 
      parameterType="com.ezen.spring.board.teampro.login.MemberVO" resultType="Integer">
      SELECT COUNT(*) FROM fairymem WHERE userid = #{userid}
    </select>

    <select id="joinEmailCheck" 
      parameterType="com.ezen.spring.board.teampro.login.MemberVO" resultType="Integer">
      SELECT COUNT(*) FROM fairymem WHERE email = #{email}
    </select> 
    
    <select id="loginCheck" parameterType="com.ezen.spring.board.teampro.login.MemberVO" resultType="Integer">
        SELECT COUNT(*) FROM fairymem WHERE userid = BINARY #{userid} AND pass = BINARY #{pass}
    </select>
     
     <select id="getJoinedMem" parameterType="string" resultType="com.ezen.spring.board.teampro.login.MemberVO">
      SELECT * FROM fairymem WHERE userid = #{userid}
     </select>
     
     <select id="getboughtbook" parameterType="string" resultType="com.ezen.spring.board.teampro.admin.AdminVO">
      SELECT * FROM boughtbook WHERE userid = #{userid}
     </select>
     
<select id="adminLoginCheck" parameterType="com.ezen.spring.board.teampro.login.MemberVO" resultType="com.ezen.spring.board.teampro.login.MemberVO">
      SELECT number FROM fairymem WHERE userid = BINARY #{userid} AND pass = BINARY #{pass} AND number=9
    </select>


<update id="updatedMem"
      parameterType="com.ezen.spring.board.teampro.login.MemberVO">
      UPDATE fairymem SET pass=#{pass}, phone=#{phone}, email=#{email}, agrStipulation3=#{agrStipulation3} WHERE fnum=#{fnum}
   </update>
     
    <select id="getMem" resultType="com.ezen.spring.board.teampro.login.MemberVO">
      SELECT * FROM fairymem
     </select>
    
    <select id="userExists" parameterType="com.ezen.spring.board.teampro.login.MemberVO" resultType="Integer">
         SELECT COUNT(*) FROM fairymem WHERE userid = #{userid}
    </select>
    <update id="empdel"
      parameterType="Integer">
      UPDATE fairymem SET number=0 WHERE fnum=#{fnum}
   </update>
</mapper>