<?xml version="1.0" encoding="UTF-8"?>
<!DOCTYPE mapper PUBLIC "-//mybatis.org//DTD Mapper 3.0//EN"
        "http://mybatis.org/dtd/mybatis-3-mapper.dtd">
<mapper namespace="com.ezen.spring.board.teampro.book.BookMapper">
<insert id="addbook" parameterType="com.ezen.spring.board.teampro.book.Book">
INSERT INTO book (bname, publisher, author, price, pdate, content, contentimg, consize, contype, cvrimg, cate, fsize, contenttype)
VALUES(#{bname},#{publisher},#{author},#{price},#{pdate}, #{content}, #{contentimg}, #{consize}, #{contype}, #{cvrimg},#{cate},#{fsize},#{contenttype})
</insert>

<select id="getallbook" resultType="map">
SELECT * FROM book

</select>

<select id="search" parameterType="com.ezen.spring.board.teampro.book.Book"
	resultType="com.ezen.spring.board.teampro.book.Book">
	SELECT * FROM book
	WHERE
	<choose>
		<when test="bname != null">
			bname = #{bname}
		</when>
		<when test="publisher != null">
			publisher = #{publisher}
		</when>
		<when test="author != null">
			author = #{author}
		</when>
		
	</choose>
</select>

<select id="CateSearch" parameterType="String"
	resultType="com.ezen.spring.board.teampro.book.Book">
	SELECT * FROM book
	WHERE cate = #{cate}
	</select>

<select id="getbook" resultType="com.ezen.spring.board.teampro.book.Book" parameterType="Integer">
SELECT*FROM book where bnum=#{bnum}
</select>

<delete id="getdelete" parameterType="Integer" >
DELETE FROM test.book WHERE bnum = #{bnum}
</delete>

	<select id="best" resultType="com.ezen.spring.board.teampro.book.Book" parameterType="String">
SELECT bb.bnum, b.bname, b.price, b.cvrimg, SUM(bb.quantity) AS total_quantity
FROM boughtbook bb
JOIN book b ON bb.bnum = b.bnum
GROUP BY bb.bnum, b.bname, b.price, b.cvrimg
ORDER BY total_quantity DESC
LIMIT 3;
</select>

<update id="updateBook" parameterType="com.ezen.spring.board.teampro.book.Book">
    UPDATE test.book
    SET bname = #{bname},
        publisher = #{publisher},
        author = #{author},
        price = #{price},
        content = #{content},
        contentimg = #{contentimg},
        consize = #{consize},
        contype = #{contype}
    WHERE bnum = #{bnum}
</update>

<insert id ="qnaadd" parameterType="com.ezen.spring.board.teampro.book.QnAVO">
INSERT INTO qna (qnum,userid,qcontent,qnadate) values(#{qnum},#{userid},#{qcontent}, CURRENT_TIMESTAMP)
</insert>

<select id="getqnalist" resultType="Map" parameterType="Integer">
SELECT * FROM qna where qnum = #{qnum}
</select>

<select id="getMem" resultType="com.ezen.spring.board.teampro.login.MemberVO">
      SELECT * FROM fairymem WHERE userid = #{userid}
     </select>
</mapper>